<?xml version="1.0" encoding="UTF-8" standalone="yes"?>
<addon id="repository.helix.alienware" name="Alienware's Hive Repo (Helix)" version="1.1.4" provider-name="Alienware">
        <extension point="xbmc.addon.repository" name="Alienware's Helix addons">
                <info compressed="false">http://raw.github.com/alienwaresoftware/Kodi/Test/Helix/addons.xml</info>
                <checksum>http://raw.github.com/alienwaresoftware/Kodi/Test/Helix/addons.xml.md5</checksum>
                <datadir zip="true">http://raw.github.com/alienwaresoftware/Kodi/Test/Helix</datadir>
        </extension>
        <extension point="xbmc.addon.metadata">
                <summary>Alienware's Hive Repo (Helix)</summary>
                <description>Alienware's Hive Repo (Helix)</description>
                <disclaimer></disclaimer>
                <platform>all</platform>
        </extension>
</addon>


